x_max,signal,peak_omega,amp_norm
500000,theta_norm,13.602839522265075,0.7668229191325776
500000,theta_norm,14.403006552986549,1.0
500000,theta_norm,15.203173583708026,0.34739777685356765
500000,theta_norm,20.80434279875835,0.6246106965422609
500000,theta_norm,21.604509829479824,0.41744625957686665
500000,theta_norm,24.00501092164425,0.23213573691948422
500000,theta_norm,24.80517795236572,0.5335653450677875
500000,theta_norm,25.605344983087196,0.35323493167427245
500000,theta_norm,30.40634716741605,0.434704916883967
500000,theta_norm,31.20651419813752,0.24138550742321355
500000,theta_norm,32.80684825958047,0.4444450347475636
500000,theta_norm,33.60701529030195,0.24889497924012466
500000,theta_norm,37.60785044390932,0.4073132292283002
500000,theta_norm,40.80851856679522,0.3375333888133712
500000,theta_norm,43.20901965895965,0.3466847365040256
500000,theta_norm,48.0100218432885,0.2874102390627367
500000,theta_norm,49.61035590473144,0.3008791172123099
500000,theta_norm,52.81102402761735,0.28171819945147236
500000,theta_norm,59.212360273389145,0.23731229873888074
500000,theta_norm,60.8126943348321,0.22853821996832693
500000,psi_norm,13.602839522265075,0.8118604918649299
500000,psi_norm,14.403006552986549,1.0
500000,psi_norm,15.203173583708026,0.28168142357940956
500000,psi_norm,20.80434279875835,0.6957880863463677
500000,psi_norm,21.604509829479824,0.4933269871419373
500000,psi_norm,24.80517795236572,0.5567947379310975
500000,psi_norm,25.605344983087196,0.41358097414421174
500000,psi_norm,29.606180136694572,0.25758925114949976
500000,psi_norm,30.40634716741605,0.48913372496887114
500000,psi_norm,31.20651419813752,0.26491487444948486
500000,psi_norm,32.80684825958047,0.46110391137731777
500000,psi_norm,33.60701529030195,0.26753223392979875
500000,psi_norm,37.60785044390932,0.4051058442511638
500000,psi_norm,40.80851856679522,0.36110165980480435
500000,psi_norm,43.20901965895965,0.3398302946185263
500000,psi_norm,48.0100218432885,0.32965835719509357
500000,psi_norm,49.61035590473144,0.30132377887591444
500000,psi_norm,52.81102402761735,0.2852969531976496
500000,psi_norm,59.212360273389145,0.260167006749634
500000,psi_norm,60.8126943348321,0.2583480286821851
1000000,theta_norm,13.237875569321911,0.3739787842345226
1000000,theta_norm,13.973313100950909,1.0
1000000,theta_norm,14.708750632579903,0.7381863063133256
1000000,theta_norm,20.592250885611865,0.5196533263827124
1000000,theta_norm,21.327688417240857,0.5560688205744229
1000000,theta_norm,24.269438543756838,0.31109209887109845
1000000,theta_norm,25.004876075385834,0.549860621645358
1000000,theta_norm,25.74031360701483,0.25999861518348305
1000000,theta_norm,30.1529387967888,0.39630745572541554
1000000,theta_norm,30.888376328417795,0.3496058365003053
1000000,theta_norm,32.359251391675784,0.30972338066874405
1000000,theta_norm,33.09468892330478,0.4198668840909745
1000000,theta_norm,37.50731411307875,0.39782269212695415
1000000,theta_norm,38.242751644707745,0.2536238473127509
1000000,theta_norm,40.44906423959473,0.26303748684789113
1000000,theta_norm,41.18450177122373,0.30140912068446035
1000000,theta_norm,43.39081436611071,0.34114986325491653
1000000,theta_norm,47.80343955588469,0.2758051187115808
1000000,theta_norm,50.00975215077167,0.2787393234410696
1000000,theta_norm,52.951502277287645,0.2798698131707691
1000000,psi_norm,13.237875569321911,0.36244981334769305
1000000,psi_norm,13.973313100950909,1.0
1000000,psi_norm,14.708750632579903,0.6841107825914788
1000000,psi_norm,20.592250885611865,0.5611793256183707
1000000,psi_norm,21.327688417240857,0.6070860146009198
1000000,psi_norm,24.269438543756838,0.2754163279606092
1000000,psi_norm,25.004876075385834,0.5616658859751902
1000000,psi_norm,25.74031360701483,0.2898853409754096
1000000,psi_norm,30.1529387967888,0.4309403942985315
1000000,psi_norm,30.888376328417795,0.3676165185362043
1000000,psi_norm,32.359251391675784,0.3031381347407784
1000000,psi_norm,33.09468892330478,0.4229917554508865
1000000,psi_norm,37.50731411307875,0.3839624607786879
1000000,psi_norm,40.44906423959473,0.27225330354460614
1000000,psi_norm,41.18450177122373,0.3184826708340549
1000000,psi_norm,43.39081436611071,0.3207676028059645
1000000,psi_norm,47.80343955588469,0.29930467631059837
1000000,psi_norm,50.00975215077167,0.26886755136714774
1000000,psi_norm,52.951502277287645,0.277679745833863
1000000,psi_norm,56.628689935432625,0.24212265172956812
1500000,theta_norm,13.342120847856986,0.42243423150204584
1500000,theta_norm,14.0443377345863,1.0
1500000,theta_norm,14.746554621315614,0.6484009660418928
1500000,theta_norm,20.364289715150132,0.3383783356751552
1500000,theta_norm,21.06650660187945,0.6245775599619114
1500000,theta_norm,21.768723488608764,0.24951099656640577
1500000,theta_norm,24.577591035526023,0.4422060388611023
1500000,theta_norm,25.279807922255337,0.48080846184240367
1500000,theta_norm,30.19532612936054,0.39770858710204854
1500000,theta_norm,30.897543016089863,0.3313653496390254
1500000,theta_norm,32.30197678954849,0.25869220774621104
1500000,theta_norm,33.0041936762778,0.4266933805165142
1500000,theta_norm,37.21749499665369,0.3197889391321596
1500000,theta_norm,37.91971188338301,0.3514008776459419
1500000,theta_norm,40.728579430300265,0.31457325701136807
1500000,theta_norm,42.83523009048821,0.25306110258347647
1500000,theta_norm,43.53744697721753,0.31589367568263266
1500000,theta_norm,47.75074829759342,0.2594198554171816
1500000,theta_norm,49.85739895778136,0.2905583985866752
1500000,theta_norm,52.666266504698626,0.2553697093988479
1500000,psi_norm,13.342120847856986,0.4194946841665461
1500000,psi_norm,14.0443377345863,1.0
1500000,psi_norm,14.746554621315614,0.6027117713971939
1500000,psi_norm,20.364289715150132,0.3788804587664584
1500000,psi_norm,21.06650660187945,0.670943632803196
1500000,psi_norm,21.768723488608764,0.30074284706708676
1500000,psi_norm,24.577591035526023,0.42434223282232086
1500000,psi_norm,25.279807922255337,0.5060888095041447
1500000,psi_norm,30.19532612936054,0.42941365443920765
1500000,psi_norm,30.897543016089863,0.34882730046924865
1500000,psi_norm,32.30197678954849,0.2528346616530138
1500000,psi_norm,33.0041936762778,0.4299055205419038
1500000,psi_norm,37.21749499665369,0.31493613478006593
1500000,psi_norm,37.91971188338301,0.328874211703767
1500000,psi_norm,40.728579430300265,0.32559319885529703
1500000,psi_norm,42.83523009048821,0.23685080966728075
1500000,psi_norm,43.53744697721753,0.2981611934101684
1500000,psi_norm,47.75074829759342,0.28063120028211846
1500000,psi_norm,49.85739895778136,0.28111377803506327
1500000,psi_norm,52.666266504698626,0.2450211726938845
2000000,theta_norm,13.606951157148705,0.6729925550904613
2000000,theta_norm,14.28729871500614,1.0
2000000,theta_norm,14.967646272863576,0.3821507470802054
2000000,theta_norm,20.410426735723057,0.3582114081517647
2000000,theta_norm,21.09077429358049,0.6245478294814797
2000000,theta_norm,24.492512082867666,0.39439145196575104
2000000,theta_norm,25.172859640725104,0.5177564887611691
2000000,theta_norm,29.93529254572715,0.3005866326440288
2000000,theta_norm,30.615640103584585,0.4243806849052192
2000000,theta_norm,32.65668277715689,0.4040591002409405
2000000,theta_norm,33.337030335014326,0.32505826334769194
2000000,theta_norm,37.41911568215894,0.37549425467062125
2000000,theta_norm,38.09946324001637,0.2856218296794964
2000000,theta_norm,40.820853471446114,0.3265536067644014
2000000,theta_norm,42.86189614501842,0.25631198046812437
2000000,theta_norm,43.54224370287585,0.31450811390744454
2000000,theta_norm,48.3046766078779,0.2466912718875009
2000000,theta_norm,49.66537172359277,0.29421765860221555
2000000,theta_norm,53.067109512879945,0.2654462102249886
2000000,theta_norm,56.46884730216713,0.23956733342473036
2000000,psi_norm,13.606951157148705,0.6972158416848795
2000000,psi_norm,14.28729871500614,1.0
2000000,psi_norm,14.967646272863576,0.34685925005648194
2000000,psi_norm,20.410426735723057,0.40604218009970994
2000000,psi_norm,21.09077429358049,0.6821742536118609
2000000,psi_norm,21.771121851437925,0.2899561384134638
2000000,psi_norm,24.492512082867666,0.37846769485728265
2000000,psi_norm,25.172859640725104,0.5471608758013401
2000000,psi_norm,29.93529254572715,0.3346331844688345
2000000,psi_norm,30.615640103584585,0.4564976913376721
2000000,psi_norm,32.65668277715689,0.4090221864697037
2000000,psi_norm,33.337030335014326,0.33984732414006275
2000000,psi_norm,37.41911568215894,0.3737988328091885
2000000,psi_norm,38.09946324001637,0.26622851026789707
2000000,psi_norm,40.820853471446114,0.34487238943456816
2000000,psi_norm,43.54224370287585,0.3035432914482414
2000000,psi_norm,48.3046766078779,0.2732165605545625
2000000,psi_norm,49.66537172359277,0.2900089853404476
2000000,psi_norm,53.067109512879945,0.2734538746300406
2000000,psi_norm,56.46884730216713,0.2567840258041496
5000000,theta_norm,13.616117322240576,0.6197181572291385
5000000,theta_norm,14.235031745978786,1.0
5000000,theta_norm,14.853946169716995,0.4054519264561868
5000000,theta_norm,20.424175983360865,0.31967863664521357
5000000,theta_norm,21.043090407099072,0.6297596698487524
5000000,theta_norm,21.66200483083728,0.27389191352969683
5000000,theta_norm,24.75657694952832,0.49681571562263055
5000000,theta_norm,25.37549137326653,0.4269529484682263
5000000,theta_norm,30.326806763172193,0.42768379120232436
5000000,theta_norm,30.945721186910404,0.2827521263733393
5000000,theta_norm,32.80246445812503,0.42362469638783723
5000000,theta_norm,33.421378881863234,0.26694912067286053
5000000,theta_norm,37.134865424292485,0.2651259460266723
5000000,theta_norm,37.75377984803069,0.37894532468290626
5000000,theta_norm,40.84835196672173,0.3234862919228943
5000000,theta_norm,43.32400966167456,0.3319912062402661
5000000,theta_norm,47.65641062784202,0.23517353743817987
5000000,theta_norm,48.275325051580225,0.24418159123411265
5000000,theta_norm,49.51315389905664,0.2646457064185927
5000000,theta_norm,59.41578467886798,0.23877808028707764
5000000,psi_norm,13.616117322240576,0.6396815828480684
5000000,psi_norm,14.235031745978786,1.0
5000000,psi_norm,14.853946169716995,0.3860366539633064
5000000,psi_norm,20.424175983360865,0.36048429568625723
5000000,psi_norm,21.043090407099072,0.6763925414366982
5000000,psi_norm,21.66200483083728,0.31777293715641786
5000000,psi_norm,24.75657694952832,0.49559678796159357
5000000,psi_norm,25.37549137326653,0.4505252202892801
5000000,psi_norm,30.326806763172193,0.45549305916493876
5000000,psi_norm,30.945721186910404,0.2994737414733449
5000000,psi_norm,32.80246445812503,0.4283238987408542
5000000,psi_norm,33.421378881863234,0.2794799123247317
5000000,psi_norm,37.134865424292485,0.2667658007219698
5000000,psi_norm,37.75377984803069,0.3676256254820857
5000000,psi_norm,40.84835196672173,0.3393931253634238
5000000,psi_norm,43.32400966167456,0.3226719728335447
5000000,psi_norm,47.65641062784202,0.2513840355772204
5000000,psi_norm,48.275325051580225,0.26499703187551016
5000000,psi_norm,49.51315389905664,0.26031999909370623
5000000,psi_norm,59.41578467886798,0.2538649424382651
10000000,theta_norm,13.32599794361628,0.258674052369056
10000000,theta_norm,13.905389158556119,1.0
10000000,theta_norm,14.484780373495957,0.8963967956387717
10000000,theta_norm,20.85808373783418,0.6687708598255719
10000000,theta_norm,21.437474952774018,0.48169422568628373
10000000,theta_norm,24.913822242413048,0.5975851906855169
10000000,theta_norm,25.493213457352883,0.37791886674922953
10000000,theta_norm,30.12834317687159,0.4092906398197868
10000000,theta_norm,30.70773439181143,0.42462975978890144
10000000,theta_norm,32.44590803663095,0.30418153714529156
10000000,theta_norm,33.025299251570786,0.4654004762094624
10000000,theta_norm,37.66042897108949,0.43110085214640553
10000000,theta_norm,40.55738504578868,0.27814147584982357
10000000,theta_norm,41.13677626072852,0.32562544131963855
10000000,theta_norm,42.874949905548036,0.2575626815552724
10000000,theta_norm,43.45434112048787,0.3505678059066275
10000000,theta_norm,48.08947084000658,0.31164943183614124
10000000,theta_norm,49.827644484826095,0.3263422081278994
10000000,theta_norm,52.724600559525285,0.2778187358493264
10000000,theta_norm,60.83607756868302,0.2587523654767326
10000000,psi_norm,13.32599794361628,0.2606547243737635
10000000,psi_norm,13.905389158556119,1.0
10000000,psi_norm,14.484780373495957,0.8666848272305501
10000000,psi_norm,20.85808373783418,0.6998811625929213
10000000,psi_norm,21.437474952774018,0.5164127221576198
10000000,psi_norm,24.913822242413048,0.5937254439903258
10000000,psi_norm,25.493213457352883,0.38771670174240935
10000000,psi_norm,30.12834317687159,0.4233467534946395
10000000,psi_norm,30.70773439181143,0.43914001983546613
10000000,psi_norm,32.44590803663095,0.29744271439292574
10000000,psi_norm,33.025299251570786,0.4649573663390074
10000000,psi_norm,37.66042897108949,0.41378974718136696
10000000,psi_norm,40.55738504578868,0.28601268145278913
10000000,psi_norm,41.13677626072852,0.34044504039234125
10000000,psi_norm,43.45434112048787,0.33608193095381184
10000000,psi_norm,48.08947084000658,0.32676568365769837
10000000,psi_norm,49.827644484826095,0.31438437680300463
10000000,psi_norm,52.724600559525285,0.26682522219666005
10000000,psi_norm,56.20094784916431,0.24884774288866696
10000000,psi_norm,60.83607756868302,0.26650781382376204
50000000,theta_norm,13.621537171075063,0.4778750168412348
50000000,theta_norm,14.126038547781546,1.0
50000000,theta_norm,14.630539924488032,0.5137317520702314
50000000,theta_norm,20.684556444965835,0.46928049535305827
50000000,theta_norm,21.18905782167232,0.5895080480727066
50000000,theta_norm,24.720567458617708,0.44693730583338237
50000000,theta_norm,25.22506883532419,0.4847290546406438
50000000,theta_norm,30.27008260238903,0.41630044325675464
50000000,theta_norm,30.77458397909551,0.3257673225191385
50000000,theta_norm,32.79258948592145,0.4104788836061067
50000000,theta_norm,33.29709086262793,0.29333148591147795
50000000,theta_norm,37.3331018762798,0.3201627174453728
50000000,theta_norm,37.837603252986284,0.33401635485688713
50000000,theta_norm,40.864611513225185,0.3238834715351734
50000000,theta_norm,43.38711839675761,0.321987374166691
50000000,theta_norm,47.92763078711596,0.2854893873843998
50000000,theta_norm,49.441134917235416,0.22487665402233378
50000000,theta_norm,49.9456362939419,0.2695352397868537
50000000,theta_norm,52.972644554180796,0.2674901360657579
50000000,theta_norm,56.50415419112618,0.24003845276976427
50000000,psi_norm,13.621537171075063,0.49235227348415056
50000000,psi_norm,14.126038547781546,1.0
50000000,psi_norm,14.630539924488032,0.5098560032398057
50000000,psi_norm,20.684556444965835,0.4960134257863619
50000000,psi_norm,21.18905782167232,0.6158334080984856
50000000,psi_norm,24.720567458617708,0.4414929572840288
50000000,psi_norm,25.22506883532419,0.495264895632891
50000000,psi_norm,30.27008260238903,0.42981938578218887
50000000,psi_norm,30.77458397909551,0.339429518397774
50000000,psi_norm,32.79258948592145,0.4126097474888297
50000000,psi_norm,33.29709086262793,0.30004611377960416
50000000,psi_norm,37.3331018762798,0.31901451739804065
50000000,psi_norm,37.837603252986284,0.32348976350750047
50000000,psi_norm,40.864611513225185,0.33491686251514236
50000000,psi_norm,43.38711839675761,0.3162446758741407
50000000,psi_norm,47.92763078711596,0.2967733811638021
50000000,psi_norm,49.9456362939419,0.2638762202155292
50000000,psi_norm,52.972644554180796,0.26639036098711866
50000000,psi_norm,56.50415419112618,0.2468327657365366
50000000,psi_norm,59.53116245136509,0.22550404522525752
100000000,theta_norm,13.859647395103186,0.88835764458086
100000000,theta_norm,14.337566270796401,1.0
100000000,theta_norm,20.550511654808172,0.3552832250013619
100000000,theta_norm,21.028430530501385,0.7160274422986725
100000000,theta_norm,21.506349406194598,0.3422744312300754
100000000,theta_norm,24.851781536047095,0.5766467571918868
100000000,theta_norm,25.329700411740305,0.45502141582378997
100000000,theta_norm,30.108889168672437,0.37657807764629
100000000,theta_norm,30.586808044365654,0.4620573449842086
100000000,theta_norm,32.498483547138505,0.2731621867026912
100000000,theta_norm,32.976402422831725,0.4742189504982256
100000000,theta_norm,37.27767230407064,0.3175181962931321
100000000,theta_norm,37.755591179763854,0.4013397099760175
100000000,theta_norm,40.62310443392313,0.2811310207970661
100000000,theta_norm,41.101023309616345,0.330362349832517
100000000,theta_norm,43.012698812389196,0.2827989475780396
100000000,theta_norm,43.490617688082416,0.3315871586691816
100000000,theta_norm,47.79188756932134,0.2899869405597452
100000000,theta_norm,49.70356307209419,0.3201728429940966
100000000,theta_norm,53.04899520194669,0.29036707494187564
100000000,psi_norm,13.859647395103186,0.9091832912890143
100000000,psi_norm,14.337566270796401,1.0
100000000,psi_norm,20.550511654808172,0.38165275079017935
100000000,psi_norm,21.028430530501385,0.748957386484205
100000000,psi_norm,21.506349406194598,0.36018565193392077
100000000,psi_norm,24.851781536047095,0.579765963106763
100000000,psi_norm,25.329700411740305,0.4686002911702261
100000000,psi_norm,30.108889168672437,0.3859722993623613
100000000,psi_norm,30.586808044365654,0.4830334811766209
100000000,psi_norm,32.976402422831725,0.4823489907871059
100000000,psi_norm,37.27767230407064,0.3208223649594596
100000000,psi_norm,37.755591179763854,0.3945440538731008
100000000,psi_norm,40.62310443392313,0.2919728143542248
100000000,psi_norm,41.101023309616345,0.3488434632210808
100000000,psi_norm,43.012698812389196,0.27850928273488024
100000000,psi_norm,43.490617688082416,0.33129067804416407
100000000,psi_norm,47.79188756932134,0.3001661488719371
100000000,psi_norm,49.70356307209419,0.31823017008260723
100000000,psi_norm,53.04899520194669,0.2936269337867609
100000000,psi_norm,56.39442733179917,0.27869702685383846
300000000,theta_norm,13.673860318238603,0.45936988723284355
300000000,theta_norm,14.114952586568881,1.0
300000000,theta_norm,14.55604485489916,0.5334344559695858
300000000,theta_norm,20.731336611523044,0.4823774919807092
300000000,theta_norm,21.17242887985332,0.5990940927640381
300000000,theta_norm,24.70116702649554,0.40628624876230396
300000000,theta_norm,25.142259294825823,0.5217229024303294
300000000,theta_norm,29.994274246458872,0.24173330586579664
300000000,theta_norm,30.435366514789152,0.44852835865244894
300000000,theta_norm,32.64082785644054,0.3211600636693764
300000000,theta_norm,33.08192012477082,0.39677125519107326
300000000,theta_norm,37.49284280807359,0.3698373773582663
300000000,theta_norm,37.93393507640387,0.25908239159276014
300000000,theta_norm,41.02158095471581,0.3179619035141816
300000000,theta_norm,43.2270422963672,0.31971636802072484
300000000,theta_norm,48.07905724800025,0.28275504295017995
300000000,theta_norm,49.84342632132136,0.28575779003678986
300000000,theta_norm,52.931072199633306,0.26761434281031965
300000000,theta_norm,56.459810346275525,0.24308594422149676
300000000,theta_norm,60.870733029578304,0.23347093227845878
300000000,psi_norm,13.673860318238603,0.4713768174203312
300000000,psi_norm,14.114952586568881,1.0
300000000,psi_norm,14.55604485489916,0.531564037970169
300000000,psi_norm,20.731336611523044,0.5004663259272176
300000000,psi_norm,21.17242887985332,0.6157349576608416
300000000,psi_norm,24.70116702649554,0.401034400014787
300000000,psi_norm,25.142259294825823,0.5276098785951762
300000000,psi_norm,29.994274246458872,0.2383492253346664
300000000,psi_norm,30.435366514789152,0.46152008834840513
300000000,psi_norm,32.64082785644054,0.3243762746809644
300000000,psi_norm,33.08192012477082,0.40000398590802144
300000000,psi_norm,37.49284280807359,0.36572908525106385
300000000,psi_norm,37.93393507640387,0.25263810119577185
300000000,psi_norm,41.02158095471581,0.3289794098648042
300000000,psi_norm,43.2270422963672,0.3148807914415021
300000000,psi_norm,48.07905724800025,0.2920525180016935
300000000,psi_norm,49.84342632132136,0.2817144910361319
300000000,psi_norm,52.931072199633306,0.2648753395318607
300000000,psi_norm,56.459810346275525,0.24844007823096964
300000000,psi_norm,60.870733029578304,0.23781698213371957
500000000,theta_norm,13.6266518123831,0.3619343833320436
500000000,theta_norm,14.052484681520072,1.0
500000000,theta_norm,14.478317550657044,0.6644100547874782
500000000,theta_norm,20.86581058771162,0.610266583899669
500000000,theta_norm,21.291643456848593,0.5095184519713701
500000000,theta_norm,24.69830640994437,0.4054336346693738
500000000,theta_norm,25.12413927908134,0.5430004329142288
500000000,theta_norm,30.234133708725004,0.4062026092272397
500000000,theta_norm,30.659966577861976,0.3778621600186277
500000000,theta_norm,32.78913092354683,0.41061941961947734
500000000,theta_norm,33.214963792683804,0.3268554214349172
500000000,theta_norm,37.47329248405352,0.37231802658495317
500000000,theta_norm,37.89912535319049,0.27989503064420473
500000000,theta_norm,40.8799554371493,0.3383230443832448
500000000,theta_norm,43.009119782834155,0.23609760552282774
500000000,theta_norm,43.43495265197113,0.31981951553397747
500000000,theta_norm,48.11911421247782,0.2819923423948657
500000000,theta_norm,49.822445689025706,0.2945443584587908
500000000,theta_norm,52.80327577298451,0.25249416681495174
500000000,theta_norm,60.894100286586976,0.23740571570134517
500000000,psi_norm,13.6266518123831,0.37183574730420305
500000000,psi_norm,14.052484681520072,1.0
500000000,psi_norm,14.478317550657044,0.6580160074980277
500000000,psi_norm,20.86581058771162,0.6261702479276954
500000000,psi_norm,21.291643456848593,0.5191809854273535
500000000,psi_norm,24.69830640994437,0.398939583191093
500000000,psi_norm,25.12413927908134,0.5465035747640523
500000000,psi_norm,30.234133708725004,0.4123760005323711
500000000,psi_norm,30.659966577861976,0.38884437213252493
500000000,psi_norm,32.78913092354683,0.4126011148484065
500000000,psi_norm,33.214963792683804,0.32884544659474035
500000000,psi_norm,37.47329248405352,0.3677753672136174
500000000,psi_norm,37.89912535319049,0.2726072604888783
500000000,psi_norm,40.8799554371493,0.345930010378269
500000000,psi_norm,43.009119782834155,0.23168643512686188
500000000,psi_norm,43.43495265197113,0.3173374062273296
500000000,psi_norm,48.11911421247782,0.2900421440802436
500000000,psi_norm,49.822445689025706,0.2899570126356384
500000000,psi_norm,52.80327577298451,0.2468946464652119
500000000,psi_norm,60.894100286586976,0.24088878937303596
1000000000,theta_norm,13.827326416526844,0.6983244852534223
1000000000,theta_norm,14.234012487601163,1.0
1000000000,theta_norm,14.640698558675483,0.3279311836580404
1000000000,theta_norm,20.740989624790267,0.4887560178976466
1000000000,theta_norm,21.147675695864585,0.6347467253609742
1000000000,theta_norm,24.807850335533455,0.49712657318865305
1000000000,theta_norm,25.214536406607774,0.48617393949803683
1000000000,theta_norm,30.094769259499603,0.30587972889955367
1000000000,theta_norm,30.501455330573922,0.4548067499640388
1000000000,theta_norm,32.94157175701984,0.4444412130135449
1000000000,theta_norm,37.41511853883734,0.34750325295711837
1000000000,theta_norm,37.821804609911666,0.3230643840929525
1000000000,theta_norm,40.668607107431896,0.26497148106198715
1000000000,theta_norm,41.075293178506215,0.31252408515143565
1000000000,theta_norm,43.10872353387781,0.2854514490748538
1000000000,theta_norm,43.515409604952126,0.2894939156371956
1000000000,theta_norm,47.98895638676964,0.30209849370269326
1000000000,theta_norm,49.61570067106691,0.2693209255727178
1000000000,theta_norm,52.869189239661466,0.26808648748135555
1000000000,theta_norm,56.52936387933034,0.24636083952469254
1000000000,psi_norm,13.827326416526844,0.7115501994784807
1000000000,psi_norm,14.234012487601163,1.0
1000000000,psi_norm,14.640698558675483,0.33441138527880504
1000000000,psi_norm,20.740989624790267,0.5046332346976964
1000000000,psi_norm,21.147675695864585,0.6506780675563496
1000000000,psi_norm,24.807850335533455,0.4948329214370025
1000000000,psi_norm,25.214536406607774,0.4939034082794801
1000000000,psi_norm,30.094769259499603,0.30739844317655296
1000000000,psi_norm,30.501455330573922,0.4692586260362809
1000000000,psi_norm,32.94157175701984,0.44918057069809825
1000000000,psi_norm,37.41511853883734,0.34727513071282895
1000000000,psi_norm,37.821804609911666,0.31764488313819633
1000000000,psi_norm,40.668607107431896,0.27181273776775455
1000000000,psi_norm,41.075293178506215,0.3240592842315554
1000000000,psi_norm,43.10872353387781,0.2827648243002169
1000000000,psi_norm,43.515409604952126,0.29214346096759414
1000000000,psi_norm,47.98895638676964,0.31061372723173897
1000000000,psi_norm,49.61570067106691,0.26882666926655163
1000000000,psi_norm,52.869189239661466,0.26537800703735764
1000000000,psi_norm,59.37616637685057,0.25236567123856124
3000000000,theta_norm,13.669521438368495,0.3435114462945528
3000000000,theta_norm,14.049230367212065,1.0
3000000000,theta_norm,14.428939296055633,0.6954540253899554
3000000000,theta_norm,20.88399108639631,0.6239008316247167
3000000000,theta_norm,21.263700015239884,0.5217961973797213
3000000000,theta_norm,24.681080374832007,0.3571236198626839
3000000000,theta_norm,25.060789303675577,0.5725863477660018
3000000000,theta_norm,30.376714307485543,0.4626034282485529
3000000000,theta_norm,30.75642323632912,0.27858486976176977
3000000000,theta_norm,32.65496788054696,0.3088378445572816
3000000000,theta_norm,33.03467680939053,0.4254680053021066
3000000000,theta_norm,37.591183955513365,0.3964846531654227
3000000000,theta_norm,41.00856431510549,0.3345104526884595
3000000000,theta_norm,43.28681788816691,0.33923816839082926
3000000000,theta_norm,47.843325034289734,0.2725893460157879
3000000000,theta_norm,48.223033963133304,0.24054702353587334
3000000000,theta_norm,49.741869678507584,0.2942147391226482
3000000000,theta_norm,52.77954110925614,0.23737796349825463
3000000000,theta_norm,56.57663039769183,0.2357656580437077
3000000000,theta_norm,60.753428614971085,0.2405276530537873
3000000000,psi_norm,13.669521438368495,0.35067846294562116
3000000000,psi_norm,14.049230367212065,1.0
3000000000,psi_norm,14.428939296055633,0.6901523730979682
3000000000,psi_norm,20.88399108639631,0.634558486079302
3000000000,psi_norm,21.263700015239884,0.5258882089751489
3000000000,psi_norm,24.681080374832007,0.35104143594081194
3000000000,psi_norm,25.060789303675577,0.5732797192183468
3000000000,psi_norm,30.376714307485543,0.47111967099251895
3000000000,psi_norm,30.75642323632912,0.2859292199766576
3000000000,psi_norm,32.65496788054696,0.3134386754974491
3000000000,psi_norm,33.03467680939053,0.4261997084421895
3000000000,psi_norm,37.591183955513365,0.39037342029872435
3000000000,psi_norm,40.62885538626192,0.23450360568832163
3000000000,psi_norm,41.00856431510549,0.34165930096638125
3000000000,psi_norm,43.28681788816691,0.3357381388855509
3000000000,psi_norm,47.843325034289734,0.27458308447790214
3000000000,psi_norm,48.223033963133304,0.24606847666898649
3000000000,psi_norm,49.741869678507584,0.2911352940609428
3000000000,psi_norm,56.57663039769183,0.23631658505396033
3000000000,psi_norm,60.753428614971085,0.24062553958096772
5000000000,theta_norm,13.628812879366953,0.2603906103369925
5000000000,theta_norm,13.997159173403896,1.0
5000000000,theta_norm,14.36550546744084,0.8531258930294459
5000000000,theta_norm,20.627392466068898,0.32233331540964166
5000000000,theta_norm,20.995738760105844,0.7220812356285818
5000000000,theta_norm,21.36408505414279,0.406310733104908
5000000000,theta_norm,24.679201700475293,0.3657813019551035
5000000000,theta_norm,25.047547994512236,0.6121089085516878
5000000000,theta_norm,25.41589428854918,0.2609326654683962
5000000000,theta_norm,30.204396111029464,0.3948022068549509
5000000000,theta_norm,30.572742405066407,0.4484009420479643
5000000000,theta_norm,32.78282016928807,0.4248340796083077
5000000000,theta_norm,33.15116646332502,0.37575606772263676
5000000000,theta_norm,37.57132199176836,0.41988735238901137
5000000000,theta_norm,40.886438638100856,0.3666953395017601
5000000000,theta_norm,43.09651640232252,0.28228472870843224
5000000000,theta_norm,43.46486269635947,0.3273779031375479
5000000000,theta_norm,47.885018224802806,0.30321498228491417
5000000000,theta_norm,49.72674969498753,0.30954937644567965
5000000000,theta_norm,53.04186634132003,0.2849380377080884
5000000000,psi_norm,13.628812879366953,0.26593304669734463
5000000000,psi_norm,13.997159173403896,1.0
5000000000,psi_norm,14.36550546744084,0.8447450953769509
5000000000,psi_norm,20.627392466068898,0.32457969490479627
5000000000,psi_norm,20.995738760105844,0.7308051314604944
5000000000,psi_norm,21.36408505414279,0.40300049719979725
5000000000,psi_norm,24.679201700475293,0.35868585681407733
5000000000,psi_norm,25.047547994512236,0.6108964758238872
5000000000,psi_norm,30.204396111029464,0.3970822828109124
5000000000,psi_norm,30.572742405066407,0.4573424472871251
5000000000,psi_norm,32.78282016928807,0.4273691577362812
5000000000,psi_norm,33.15116646332502,0.37469421395502683
5000000000,psi_norm,37.57132199176836,0.4131993786557489
5000000000,psi_norm,40.886438638100856,0.3717194905692834
5000000000,psi_norm,43.09651640232252,0.27797948513409876
5000000000,psi_norm,43.46486269635947,0.3275317340605275
5000000000,psi_norm,47.885018224802806,0.3053803078888702
5000000000,psi_norm,49.72674969498753,0.3060886438647187
5000000000,psi_norm,53.04186634132003,0.2826917904618416
5000000000,psi_norm,56.35698298765253,0.26119236369957943
10000000000,theta_norm,13.80337055964438,0.5419627735727061
10000000000,theta_norm,14.157303138096799,1.0
10000000000,theta_norm,14.511235716549221,0.4531976490385531
10000000000,theta_norm,20.88202212869278,0.5971915456931856
10000000000,theta_norm,21.2359547071452,0.5222104867767557
10000000000,theta_norm,24.7752804916694,0.427829132702477
10000000000,theta_norm,25.12921307012182,0.5207293257525285
10000000000,theta_norm,30.0842691684557,0.2452145804365415
10000000000,theta_norm,30.438201746908117,0.45201954901830704
10000000000,theta_norm,32.915729796075055,0.43045323040131056
10000000000,theta_norm,37.51685331595652,0.37142693174364483
10000000000,theta_norm,37.87078589440894,0.25073064290802616
10000000000,theta_norm,40.7022465220283,0.2602005475207885
10000000000,theta_norm,41.05617910048072,0.3065153580095488
10000000000,theta_norm,43.17977457119524,0.2975700190448808
10000000000,theta_norm,43.53370714964766,0.25910358630122554
10000000000,theta_norm,48.134830669529116,0.26617340714765575
10000000000,theta_norm,49.90449356179122,0.26314579924105214
10000000000,theta_norm,53.089886767863,0.24625010656363838
10000000000,theta_norm,60.876403493816234,0.23455049964238242
10000000000,psi_norm,13.80337055964438,0.5498029853899732
10000000000,psi_norm,14.157303138096799,1.0
10000000000,psi_norm,14.511235716549221,0.4546066735025581
10000000000,psi_norm,20.88202212869278,0.6071564809146536
10000000000,psi_norm,21.2359547071452,0.5266819543932157
10000000000,psi_norm,24.7752804916694,0.4231667905585542
10000000000,psi_norm,25.12921307012182,0.5244956044571957
10000000000,psi_norm,30.0842691684557,0.2444846489644483
10000000000,psi_norm,30.438201746908117,0.46195424307564004
10000000000,psi_norm,32.915729796075055,0.4336701985054895
10000000000,psi_norm,37.51685331595652,0.3689151848844538
10000000000,psi_norm,37.87078589440894,0.24754275779582452
10000000000,psi_norm,40.7022465220283,0.2645606467434571
10000000000,psi_norm,41.05617910048072,0.3135004065347668
10000000000,psi_norm,43.17977457119524,0.2952637249508655
10000000000,psi_norm,43.53370714964766,0.2634606897301469
10000000000,psi_norm,48.134830669529116,0.272260789999465
10000000000,psi_norm,49.90449356179122,0.26119677602762054
10000000000,psi_norm,53.089886767863,0.2463511754324677
10000000000,psi_norm,60.876403493816234,0.23669813129574319
30000000000,theta_norm,13.99955965933372,1.0
30000000000,theta_norm,14.332882508365477,0.8899379704150073
30000000000,theta_norm,20.666016639968824,0.33569701699296844
30000000000,theta_norm,20.999339489000583,0.7395805326809222
30000000000,theta_norm,21.332662338032335,0.4169672273462335
30000000000,theta_norm,24.665890828349887,0.3108580509969284
30000000000,theta_norm,24.999213677381643,0.6303354276211697
30000000000,theta_norm,25.3325365264134,0.32903518354994743
30000000000,theta_norm,30.332379261889727,0.4820526017527407
30000000000,theta_norm,30.665702110921483,0.35933055218007687
30000000000,theta_norm,32.66563920511201,0.3088172582328481
30000000000,theta_norm,32.99896205414377,0.4704994642055597
30000000000,theta_norm,37.33215909155659,0.28292288293752105
30000000000,theta_norm,37.66548194058834,0.41403195641179147
30000000000,theta_norm,40.998710430905895,0.36438791459801984
30000000000,theta_norm,43.33197037412818,0.3691920308187569
30000000000,theta_norm,47.99849026057276,0.3285195361271223
30000000000,theta_norm,49.66510450573153,0.2941384306537159
30000000000,theta_norm,52.998332996049086,0.2959133481616011
30000000000,theta_norm,59.33146712765243,0.2629443470387649
30000000000,psi_norm,13.99955965933372,1.0
30000000000,psi_norm,14.332882508365477,0.8833674567335441
30000000000,psi_norm,20.666016639968824,0.33413439142558804
30000000000,psi_norm,20.999339489000583,0.7457542321555158
30000000000,psi_norm,21.332662338032335,0.4120861383631402
30000000000,psi_norm,24.665890828349887,0.30464593186981503
30000000000,psi_norm,24.999213677381643,0.627305375372942
30000000000,psi_norm,25.3325365264134,0.33039857513285814
30000000000,psi_norm,30.332379261889727,0.48755761649061574
30000000000,psi_norm,30.665702110921483,0.3659320540845952
30000000000,psi_norm,32.66563920511201,0.3144625482676002
30000000000,psi_norm,32.99896205414377,0.4702094981049703
30000000000,psi_norm,37.33215909155659,0.2826016962026279
30000000000,psi_norm,37.66548194058834,0.40749670675121924
30000000000,psi_norm,40.998710430905895,0.3689616447563961
30000000000,psi_norm,43.33197037412818,0.3669212967767366
30000000000,psi_norm,47.99849026057276,0.3320919499926891
30000000000,psi_norm,49.66510450573153,0.2926826299041401
30000000000,psi_norm,52.998332996049086,0.29316712531922484
30000000000,psi_norm,59.33146712765243,0.26711972602373757
50000000000,theta_norm,13.954991104205222,0.9211717632079935
50000000000,theta_norm,14.279525781047203,1.0
50000000000,theta_norm,20.77021931788684,0.5046621802013322
50000000000,theta_norm,21.094753994728823,0.7304265732302481
50000000000,theta_norm,24.664635439990626,0.3004746933288376
50000000000,theta_norm,24.989170116832607,0.6391708882615414
50000000000,theta_norm,25.31370479367459,0.3493962568824605
50000000000,theta_norm,30.181724946304318,0.3552176463304966
50000000000,theta_norm,30.5062596231463,0.4944729820432732
50000000000,theta_norm,32.77800236104017,0.4197605533089095
50000000000,theta_norm,33.10253703788215,0.4102098805668472
50000000000,theta_norm,37.32148783682792,0.2704714640286466
50000000000,theta_norm,37.6460225136699,0.42552934216981203
50000000000,theta_norm,40.89136928208973,0.38047922354839037
50000000000,theta_norm,43.1631120199836,0.32000339125808264
50000000000,theta_norm,43.48764669682558,0.31579086159336395
50000000000,theta_norm,48.031132172613326,0.33143154960235666
50000000000,theta_norm,49.65380555682324,0.29166406686339397
50000000000,theta_norm,52.89915232524305,0.29306060178970583
50000000000,theta_norm,56.46903377050485,0.27751414786605116
50000000000,psi_norm,13.954991104205222,0.9289710955251325
50000000000,psi_norm,14.279525781047203,1.0
50000000000,psi_norm,20.77021931788684,0.5096490260663151
50000000000,psi_norm,21.094753994728823,0.7399401594794112
50000000000,psi_norm,24.664635439990626,0.2964391937108694
50000000000,psi_norm,24.989170116832607,0.640097408757962
50000000000,psi_norm,25.31370479367459,0.35335957936056467
50000000000,psi_norm,30.181724946304318,0.3585843256417388
50000000000,psi_norm,30.5062596231463,0.505533838623021
50000000000,psi_norm,32.77800236104017,0.42642605131671524
50000000000,psi_norm,33.10253703788215,0.4113404522337244
50000000000,psi_norm,37.32148783682792,0.2723142930943982
50000000000,psi_norm,37.6460225136699,0.42225293085604676
50000000000,psi_norm,40.89136928208973,0.3868489203488517
50000000000,psi_norm,43.1631120199836,0.3185591314044539
50000000000,psi_norm,43.48764669682558,0.32066059545497677
50000000000,psi_norm,48.031132172613326,0.3375418841133137
50000000000,psi_norm,49.65380555682324,0.29267143953510966
50000000000,psi_norm,52.89915232524305,0.2911774032344689
50000000000,psi_norm,56.46903377050485,0.2807721637307555
100000000000,theta_norm,13.784913985150228,0.411987329546997
100000000000,theta_norm,14.09820748481273,1.0
100000000000,theta_norm,14.411500984475236,0.5957494051614245
100000000000,theta_norm,20.677370977725342,0.29047689713579866
100000000000,theta_norm,20.990664477387845,0.6678797041187615
100000000000,theta_norm,21.30395797705035,0.3942662270771886
100000000000,theta_norm,24.750186473337905,0.3669045545796193
100000000000,theta_norm,25.063479973000412,0.5585489745425871
100000000000,theta_norm,30.389469467263,0.4544087230093943
100000000000,theta_norm,30.70276296692551,0.2703439956228635
100000000000,theta_norm,32.895817464563045,0.43111394372632705
100000000000,theta_norm,33.20911096422555,0.26000501766541384
100000000000,theta_norm,37.59521995950062,0.38607094632432243
100000000000,theta_norm,40.72815495612567,0.2648930396879434
100000000000,theta_norm,41.04144845578818,0.3113082940057459
100000000000,theta_norm,43.23450295342571,0.3176965239785747
100000000000,theta_norm,47.93390544836329,0.2881192103281304
100000000000,theta_norm,49.81366644633832,0.2839324068674359
100000000000,theta_norm,52.94660144296337,0.2675406701006028
100000000000,theta_norm,56.39282993925092,0.2434934130928272
100000000000,psi_norm,13.784913985150228,0.4160711202555646
100000000000,psi_norm,14.09820748481273,1.0
100000000000,psi_norm,14.411500984475236,0.5952044372957387
100000000000,psi_norm,20.677370977725342,0.28819758307719906
100000000000,psi_norm,20.990664477387845,0.674366038463804
100000000000,psi_norm,21.30395797705035,0.39150611568013816
100000000000,psi_norm,24.750186473337905,0.3615064794347036
100000000000,psi_norm,25.063479973000412,0.5592945112147301
100000000000,psi_norm,30.389469467263,0.4612504898853449
100000000000,psi_norm,30.70276296692551,0.2756836151854415
100000000000,psi_norm,32.895817464563045,0.4337337980091773
100000000000,psi_norm,33.20911096422555,0.25811937648116146
100000000000,psi_norm,37.59521995950062,0.3825563346933355
100000000000,psi_norm,40.72815495612567,0.2677537312829857
100000000000,psi_norm,41.04144845578818,0.31553549464273983
100000000000,psi_norm,43.23450295342571,0.3157655838441268
100000000000,psi_norm,47.93390544836329,0.2906722547809632
100000000000,psi_norm,49.81366644633832,0.2822992005446857
100000000000,psi_norm,52.94660144296337,0.2655330107462533
100000000000,psi_norm,56.39282993925092,0.24623571083418103
